sensor,mean,min,max,variance
temperature,22.500300512566135,20.0,25.0,2.079779549900117
humidity,50.026163442460316,40.0,60.0,33.255799686412274
light,549.1037901785714,100.0,999.99,67457.72971917389
pH,7.000134920634921,6.0,8.0,0.33277430202048
electrical_conductivity,1.2493029265873012,0.5,2.0,0.1878400744398018
